DATE,inflation,core_inflation
1/1/1948,10.24209,.
2/1/1948,9.48196,.
3/1/1948,6.81818,.
4/1/1948,8.27273,.
5/1/1948,9.38497,.
6/1/1948,9.375,.
7/1/1948,9.76158,.
8/1/1948,9.0625,.
9/1/1948,6.65499,.
10/1/1948,6.11087,.
11/1/1948,4.77016,.
12/1/1948,2.73387,.
1/1/1949,1.39358,.
2/1/1949,1.01394,.
3/1/1949,1.74468,.
4/1/1949,0.41982,.
5/1/1949,-0.41649,.
6/1/1949,-0.95238,.
7/1/1949,-2.86885,.
8/1/1949,-2.98813,.
9/1/1949,-2.50411,.
10/1/1949,-2.63266,.
11/1/1949,-1.90397,.
12/1/1949,-1.82952,.
1/1/1950,-2.08247,.
2/1/1950,-1.25471,.
3/1/1950,-1.12923,.
4/1/1950,-1.12876,.
5/1/1950,-0.58553,.
6/1/1950,-0.16722,.
7/1/1950,1.56118,.
8/1/1950,2.1097,.
9/1/1950,2.48421,.
10/1/1950,3.50655,.
11/1/1950,3.79747,.
12/1/1950,5.80263,.
1/1/1951,7.95406,.
2/1/1951,9.4028,.
3/1/1951,9.47547,.
4/1/1951,9.59831,.
5/1/1951,9.3395,.
6/1/1951,8.58459,.
7/1/1951,7.64437,.
8/1/1951,6.8595,.
9/1/1951,6.9433,.
10/1/1951,6.77551,.
11/1/1951,6.99187,.
12/1/1951,5.96477,.
1/1/1952,4.21592,.
2/1/1952,2.24545,.
3/1/1952,1.97063,.
4/1/1952,2.08333,.
5/1/1952,1.84686,.
6/1/1952,2.31392,.
7/1/1952,2.97183,.
8/1/1952,3.20959,.
9/1/1952,2.30503,.
10/1/1952,2.02599,.
11/1/1952,1.40578,.
12/1/1952,0.90669,.
1/1/1953,0.71834,.
2/1/1953,0.68156,.
3/1/1953,0.90944,.
4/1/1953,0.86924,.
5/1/1953,0.86891,.
6/1/1953,0.90464,.
7/1/1953,0.41229,.
8/1/1953,0.59948,.
9/1/1953,0.97634,.
10/1/1953,0.97415,.
11/1/1953,0.59948,.
12/1/1953,0.59903,.
1/1/1954,1.12613,.
2/1/1954,1.50432,.
3/1/1954,1.12655,.
4/1/1954,0.63694,.
5/1/1954,0.86142,.
6/1/1954,0.63504,.
7/1/1954,0.26129,.
8/1/1954,0,.
9/1/1954,-0.29751,.
10/1/1954,-0.85343,.
11/1/1954,-0.26071,.
12/1/1954,-0.37216,.
1/1/1955,-0.63103,.
2/1/1955,-0.62986,.
3/1/1955,-0.51987,.
4/1/1955,-0.26061,.
5/1/1955,-0.59413,.
6/1/1955,-0.85375,.
7/1/1955,-0.3723,.
8/1/1955,-0.48417,.
9/1/1955,0.1492,.
10/1/1955,0.37425,.
11/1/1955,0.37341,.
12/1/1955,0.37355,.
1/1/1956,0.22413,.
2/1/1956,0.14914,.
3/1/1956,0.37327,.
4/1/1956,0.52258,.
5/1/1956,0.97124,.
6/1/1956,1.64732,.
7/1/1956,1.98057,.
8/1/1956,2.20808,.
9/1/1956,1.8622,.
10/1/1956,2.57271,.
11/1/1956,2.34375,.
12/1/1956,2.82843,.
1/1/1957,3.13082,.
2/1/1957,3.49963,.
3/1/1957,3.60729,.
4/1/1957,3.71333,.
5/1/1957,3.58861,.
6/1/1957,3.53591,.
7/1/1957,3.29791,.
8/1/1957,3.55181,.
9/1/1957,3.54662,.
10/1/1957,2.94438,.
11/1/1957,3.27154,.
12/1/1957,3.04017,.
1/1/1958,3.5056,2.80702
2/1/1958,3.23741,2.7972
3/1/1958,3.62527,2.78746
4/1/1958,3.61618,2.43056
5/1/1958,3.35714,2.43056
6/1/1958,2.84596,2.42215
7/1/1958,2.48315,2.06897
8/1/1958,2.3338,2.06897
9/1/1958,2.08333,2.06186
10/1/1958,2.08333,1.71233
11/1/1958,1.90074,1.70648
12/1/1958,1.75623,2.04778
1/1/1959,1.2919,2.04778
2/1/1959,1.0453,1.70068
3/1/1959,0.34638,1.69492
4/1/1959,0.13822,1.69492
5/1/1959,0.34554,2.0339
6/1/1959,0.6918,2.02703
7/1/1959,0.89997,2.02703
8/1/1959,0.8293,2.02703
9/1/1959,1.17606,2.0202
10/1/1959,1.52196,2.3569
11/1/1959,1.38169,2.01342
12/1/1959,1.51881,2.00669
1/1/1960,1.24095,2.00669
2/1/1960,1.41379,2.34114
3/1/1960,1.51881,2
4/1/1960,1.93237,2
5/1/1960,1.82507,1.66113
6/1/1960,1.71762,1.65563
7/1/1960,1.37221,1.3245
8/1/1960,1.47361,1.3245
9/1/1960,1.23077,0.9901
10/1/1960,1.36286,1.31579
11/1/1960,1.46508,1.31579
12/1/1960,1.36008,0.65574
1/1/1961,1.60027,0.98361
2/1/1961,1.46209,0.65359
3/1/1961,1.46209,0.98039
4/1/1961,0.91401,0.98039
5/1/1961,0.91309,0.98039
6/1/1961,0.77676,0.9772
7/1/1961,1.25212,1.30719
8/1/1961,1.11449,1.63399
9/1/1961,1.24958,1.63399
10/1/1961,0.77311,0.97403
11/1/1961,0.67159,1.2987
12/1/1961,0.67092,1.62866
1/1/1962,0.67024,1.2987
2/1/1962,0.90483,1.2987
3/1/1962,1.1059,1.2945
4/1/1962,1.34183,1.2945
5/1/1962,1.34048,1.61812
6/1/1962,1.23995,1.29032
7/1/1962,1.00267,1.29032
8/1/1962,1.1356,1.28617
9/1/1962,1.46765,1.28617
10/1/1962,1.33422,1.28617
11/1/1962,1.33422,0.96154
12/1/1962,1.23292,1.28205
1/1/1963,1.33156,0.96154
2/1/1963,1.22883,1.28205
3/1/1963,1.12695,1.27796
4/1/1963,0.89374,1.27796
5/1/1963,0.89286,0.95541
6/1/1963,1.32406,1.27389
7/1/1963,1.55526,1.27389
8/1/1963,1.55218,1.26984
9/1/1963,0.98619,1.26984
10/1/1963,1.21791,1.5873
11/1/1963,1.31666,1.5873
12/1/1963,1.64582,1.58228
1/1/1964,1.64258,2.22222
2/1/1964,1.41076,1.89873
3/1/1964,1.40937,1.57729
4/1/1964,1.54199,1.57729
5/1/1964,1.54048,1.57729
6/1/1964,1.30676,1.57233
7/1/1964,1.07527,1.57233
8/1/1964,0.97561,1.25392
9/1/1964,1.17188,1.25392
10/1/1964,1.20325,1.25
11/1/1964,1.39701,1.5625
12/1/1964,1.19819,1.24611
1/1/1965,1.0989,1.24224
2/1/1965,1.19702,1.24224
3/1/1965,1.19586,1.24224
4/1/1965,1.38934,1.5528
5/1/1965,1.61394,1.5528
6/1/1965,1.93486,1.23839
7/1/1965,1.80529,1.23839
8/1/1965,1.61031,1.23839
9/1/1965,1.73745,1.54799
10/1/1965,1.70308,1.23457
11/1/1965,1.73021,1.23077
12/1/1965,1.92,1.53846
1/1/1966,1.91816,1.22699
2/1/1966,2.55754,1.53374
3/1/1966,2.77866,1.53374
4/1/1966,2.86807,1.83486
5/1/1966,2.76366,2.14067
6/1/1966,2.43594,2.44648
7/1/1966,2.75491,2.75229
8/1/1966,3.48653,3.0581
9/1/1966,3.57369,3.04878
10/1/1966,3.79147,3.65854
11/1/1966,3.55906,3.34347
12/1/1966,3.3595,3.33333
1/1/1967,3.1995,3.63636
2/1/1967,2.86783,3.32326
3/1/1967,2.54817,3.62538
4/1/1967,2.54027,3.3033
5/1/1967,2.31839,3.29341
6/1/1967,2.84126,3.28358
7/1/1967,2.92758,3.27381
8/1/1967,2.60337,3.56083
9/1/1967,2.59542,3.5503
10/1/1967,2.58752,3.23529
11/1/1967,3.10219,3.52941
12/1/1967,3.28068,3.81232
1/1/1968,3.64742,3.80117
2/1/1968,3.63636,4.38596
3/1/1968,3.93939,4.37318
4/1/1968,3.92749,4.36047
5/1/1968,4.22961,4.34783
6/1/1968,4.2042,4.62428
7/1/1968,4.49102,4.89914
8/1/1968,4.47761,4.58453
9/1/1968,4.46429,4.85714
10/1/1968,4.74777,5.12821
11/1/1968,4.42478,5.39773
12/1/1968,4.70588,5.08475
1/1/1969,4.69208,5.07042
2/1/1969,4.67836,5.32213
3/1/1969,5.24781,5.58659
4/1/1969,5.52326,6.12813
5/1/1969,5.50725,5.83333
6/1/1969,5.4755,5.8011
7/1/1969,5.44413,5.76923
8/1/1969,5.42857,6.0274
9/1/1969,5.69801,5.99455
10/1/1969,5.66572,5.96206
11/1/1969,5.9322,5.66038
12/1/1969,5.89888,5.91398
1/1/1970,6.16246,6.16622
2/1/1970,6.42458,5.85106
3/1/1970,6.09418,6.08466
4/1/1970,6.06061,6.03675
5/1/1970,6.04396,6.29921
6/1/1970,6.01093,6.52742
7/1/1970,5.70652,6.23377
8/1/1970,5.69106,6.20155
9/1/1970,5.66038,6.16967
10/1/1970,5.63003,6.13811
11/1/1970,5.6,6.63265
12/1/1970,5.57029,6.59898
1/1/1971,5.27704,6.31313
2/1/1971,4.72441,6.03015
3/1/1971,4.43864,5.23691
4/1/1971,4.15584,4.9505
5/1/1971,4.40415,5.18519
6/1/1971,4.38144,4.90196
7/1/1971,4.37018,4.88998
8/1/1971,4.35897,4.62287
9/1/1971,4.08163,4.11622
10/1/1971,3.80711,3.85542
11/1/1971,3.53535,3.34928
12/1/1971,3.26633,3.09524
1/1/1972,3.25815,3.32542
2/1/1972,3.7594,3.31754
3/1/1972,3.5,3.31754
4/1/1972,3.49127,3.30189
5/1/1972,3.22581,3.05164
6/1/1972,2.96296,2.80374
7/1/1972,2.95567,2.7972
8/1/1972,2.9484,3.02326
9/1/1972,3.18627,3.02326
10/1/1972,3.17848,3.01624
11/1/1972,3.41463,2.77778
12/1/1972,3.40633,3.00231
1/1/1973,3.64078,2.52874
2/1/1973,3.86473,2.75229
3/1/1973,4.83092,3.21101
4/1/1973,5.3012,2.96804
5/1/1973,5.52885,3.18907
6/1/1973,5.9952,3.18182
7/1/1973,5.74163,3.1746
8/1/1973,7.39857,3.16027
9/1/1973,7.36342,3.83747
10/1/1973,8.05687,4.27928
11/1/1973,8.25472,4.72973
12/1/1973,8.94118,4.70852
1/1/1974,9.60187,5.15695
2/1/1974,10,5.35714
3/1/1974,10.13825,5.77778
4/1/1974,10.06865,6.20843
5/1/1974,10.70615,7.06402
6/1/1974,10.85973,7.92952
7/1/1974,11.53846,8.79121
8/1/1974,10.88889,9.84683
9/1/1974,11.9469,10.21739
10/1/1974,11.84211,10.58315
11/1/1974,12.20044,10.96774
12/1/1974,12.09503,11.34904
1/1/1975,11.75214,11.51386
2/1/1975,11.20507,11.86441
3/1/1975,10.46025,11.34454
4/1/1975,10.18711,11.27349
5/1/1975,9.25926,10.30928
6/1/1975,9.18367,9.79592
7/1/1975,9.53347,9.09091
8/1/1975,8.61723,7.96813
9/1/1975,7.90514,7.49507
10/1/1975,7.64706,7.03125
11/1/1975,7.37864,6.97674
12/1/1975,7.12909,6.73077
1/1/1976,6.69216,6.88337
2/1/1976,6.27376,6.43939
3/1/1976,6.06061,6.60377
4/1/1976,5.84906,6.37899
5/1/1976,6.21469,6.54206
6/1/1976,5.98131,6.3197
7/1/1976,5.55556,6.66667
8/1/1976,5.71956,6.82657
9/1/1976,5.49451,6.78899
10/1/1976,5.46448,6.75182
11/1/1976,5.06329,6.34058
12/1/1976,5.03597,6.12613
1/1/1977,5.19713,6.08229
2/1/1977,6.08229,6.22776
3/1/1977,6.42857,6.19469
4/1/1977,6.95187,6.34921
5/1/1977,6.73759,6.31579
6/1/1977,6.70194,6.64336
7/1/1977,6.66667,6.25
8/1/1977,6.63176,6.21762
9/1/1977,6.42361,6.18557
10/1/1977,6.39033,5.98291
11/1/1977,6.71256,6.13288
12/1/1977,6.67808,6.45161
1/1/1978,6.81431,6.40809
2/1/1978,6.23946,6.19765
3/1/1978,6.37584,6.33333
4/1/1978,6.5,6.6335
5/1/1978,7.14286,6.76568
6/1/1978,7.43802,6.88525
7/1/1978,7.73026,7.18954
8/1/1978,7.85597,7.47967
9/1/1978,8.48287,7.9288
10/1/1978,8.92857,8.3871
11/1/1978,8.87097,8.50722
12/1/1978,8.98876,8.45295
1/1/1979,9.2504,8.55784
2/1/1979,9.84127,9.14826
3/1/1979,10.25237,9.40439
4/1/1979,10.48513,9.33126
5/1/1979,10.69767,9.42813
6/1/1979,11.07692,9.35583
7/1/1979,11.45038,9.60366
8/1/1979,11.83612,9.98487
9/1/1979,11.8797,9.89505
10/1/1979,12.07154,10.11905
11/1/1979,12.59259,10.65089
12/1/1979,13.25479,11.32353
1/1/1980,13.86861,11.9708
2/1/1980,14.16185,11.99422
3/1/1980,14.59227,12.60745
4/1/1980,14.58924,13.08677
5/1/1980,14.42577,13.13559
6/1/1980,14.26593,13.60449
7/1/1980,13.15068,12.3783
8/1/1980,12.89009,11.82944
9/1/1980,12.76882,12.00546
10/1/1980,12.63298,12.16216
11/1/1980,12.63158,12.16578
12/1/1980,12.35371,12.15324
1/1/1981,11.79487,11.34289
2/1/1981,11.39241,10.83871
3/1/1981,10.61174,9.92366
4/1/1981,10.13597,9.43396
5/1/1981,9.79192,9.61298
6/1/1981,9.69697,9.38272
7/1/1981,10.77482,11.13861
8/1/1981,10.81731,11.56212
9/1/1981,10.96544,11.81486
10/1/1981,10.27155,10.96386
11/1/1981,9.57944,10.2503
12/1/1981,8.91204,9.54064
1/1/1982,8.25688,9.25059
2/1/1982,7.61364,9.19674
3/1/1982,6.88488,8.68056
4/1/1982,6.62177,8.85057
5/1/1982,6.91193,8.65604
6/1/1982,7.18232,8.46501
7/1/1982,6.55738,7.68374
8/1/1982,5.96529,7.05623
9/1/1982,4.94092,5.88235
10/1/1982,5.03212,5.86319
11/1/1982,4.47761,5.18919
12/1/1982,3.82572,4.51613
1/1/1983,3.70763,4.60879
2/1/1983,3.48469,4.47761
3/1/1983,3.59029,4.57934
4/1/1983,4,4.11827
5/1/1983,3.44108,3.66876
6/1/1983,2.47423,3.22581
7/1/1983,2.35897,3.20579
8/1/1983,2.4565,3.0896
9/1/1983,2.76356,3.39506
10/1/1983,2.75229,3.58974
11/1/1983,3.16327,4.31655
12/1/1983,3.7871,4.73251
1/1/1984,4.29009,5.02049
2/1/1984,4.69388,4.89796
3/1/1984,4.89297,5.09165
4/1/1984,4.55466,5.17241
5/1/1984,4.33468,5.25784
6/1/1984,4.32596,5.34274
7/1/1984,4.30862,5.21042
8/1/1984,4.2957,5.29471
9/1/1984,4.28287,5.27363
10/1/1984,4.26587,5.14851
11/1/1984,4.1543,4.82759
12/1/1984,4.04339,4.91159
1/1/1985,3.52595,4.4878
2/1/1985,3.60624,4.76654
3/1/1985,3.79009,4.74806
4/1/1985,3.5818,4.5323
5/1/1985,3.57488,4.51489
6/1/1985,3.66442,4.40191
7/1/1985,3.45821,4.19048
8/1/1985,3.35249,4.17457
9/1/1985,3.24737,3.96975
10/1/1985,3.23501,4.04896
11/1/1985,3.51377,4.41729
12/1/1985,3.79147,4.30712
1/1/1986,3.97351,4.48179
2/1/1986,3.19849,4.17827
3/1/1986,2.15356,4.07031
4/1/1986,1.58879,4.15129
5/1/1986,1.6791,3.95221
6/1/1986,1.76744,3.94134
7/1/1986,1.67131,4.02194
8/1/1986,1.57553,4.00729
9/1/1986,1.75763,4.18182
10/1/1986,1.56682,4.0724
11/1/1986,1.2844,3.78038
12/1/1986,1.18721,3.7702
1/1/1987,1.36488,3.57462
2/1/1987,1.91431,3.56506
3/1/1987,2.84143,3.64444
4/1/1987,3.67985,3.89725
5/1/1987,3.66972,4.0672
6/1/1987,3.74771,3.96825
7/1/1987,3.92694,3.95431
8/1/1987,4.28832,3.94046
9/1/1987,4.27273,4.01396
10/1/1987,4.35572,4.17391
11/1/1987,4.52899,4.16305
12/1/1987,4.33213,4.15225
1/1/1988,4.12926,4.31406
2/1/1988,3.9356,4.30293
3/1/1988,3.83244,4.37393
4/1/1988,3.9929,4.26257
5/1/1988,3.9823,4.24809
6/1/1988,3.96476,4.49534
7/1/1988,4.13005,4.48014
8/1/1988,4.11199,4.46504
9/1/1988,4.18483,4.61409
10/1/1988,4.26087,4.50751
11/1/1988,4.2461,4.57952
12/1/1988,4.41176,4.65116
1/1/1989,4.48276,4.63193
2/1/1989,4.64716,4.70297
3/1/1989,4.8927,4.68365
4/1/1989,5.03413,4.49714
5/1/1989,5.2766,4.56398
6/1/1989,5.16949,4.54545
7/1/1989,5.06329,4.53074
8/1/1989,4.62185,4.43548
9/1/1989,4.43515,4.17001
10/1/1989,4.58716,4.3131
11/1/1989,4.65503,4.37898
12/1/1989,4.6396,4.44444
1/1/1990,5.19802,4.42688
2/1/1990,5.26316,4.57053
3/1/1990,5.23732,4.78807
4/1/1990,4.71162,4.85133
5/1/1990,4.3654,4.75448
6/1/1990,4.67365,4.8913
7/1/1990,4.81928,5.10836
8/1/1990,5.70281,5.48263
9/1/1990,6.16987,5.54273
10/1/1990,6.37959,5.35988
11/1/1990,6.19539,5.26316
12/1/1990,6.25495,5.31915
1/1/1991,5.64706,5.60182
2/1/1991,5.3125,5.65185
3/1/1991,4.82115,5.24345
4/1/1991,4.80993,5.14925
5/1/1991,5.03486,5.13393
6/1/1991,4.69592,4.95929
7/1/1991,4.36782,4.78645
8/1/1991,3.79939,4.61201
9/1/1991,3.39623,4.59519
10/1/1991,2.84858,4.43314
11/1/1991,3.06657,4.49275
12/1/1991,2.98063,4.40115
1/1/1992,2.67261,4.01434
2/1/1992,2.81899,3.70899
3/1/1992,3.18991,3.84342
4/1/1992,3.18283,3.83251
5/1/1992,3.0236,3.89243
6/1/1992,3.01471,3.73766
7/1/1992,3.15712,3.72453
8/1/1992,3.07467,3.49895
9/1/1992,2.9927,3.27755
10/1/1992,3.27988,3.54906
11/1/1992,3.12046,3.46741
12/1/1992,2.96671,3.38632
1/1/1993,3.2538,3.4459
2/1/1993,3.24675,3.57634
3/1/1993,3.01941,3.35846
4/1/1993,3.15638,3.48599
5/1/1993,3.22119,3.40599
6/1/1993,2.99786,3.39905
7/1/1993,2.84698,3.18428
8/1/1993,2.84091,3.31305
9/1/1993,2.764,3.24105
10/1/1993,2.75229,3.0914
11/1/1993,2.74455,3.15013
12/1/1993,2.81096,3.14171
1/1/1994,2.45098,2.93138
2/1/1994,2.51572,2.78884
3/1/1994,2.65178,2.98408
4/1/1994,2.36439,2.70806
5/1/1994,2.28849,2.70092
6/1/1994,2.4948,2.82709
7/1/1994,2.69896,2.88903
8/1/1994,2.90055,2.81414
9/1/1994,2.96552,3.0085
10/1/1994,2.60989,2.86832
11/1/1994,2.60274,2.79402
12/1/1994,2.5974,2.59235
1/1/1995,2.87081,2.91262
2/1/1995,2.86299,2.97158
3/1/1995,2.78722,2.96201
4/1/1995,3.125,3.15113
5/1/1995,3.11864,3.0789
6/1/1995,3.0426,3.00512
7/1/1995,2.83019,2.99936
8/1/1995,2.61745,2.99173
9/1/1995,2.54521,2.98413
10/1/1995,2.74431,3.1052
11/1/1995,2.60347,3.03413
12/1/1995,2.53165,3.03222
1/1/1996,2.7907,2.95597
2/1/1996,2.71703,2.88582
3/1/1996,2.84392,2.81426
4/1/1996,2.83267,2.61845
5/1/1996,2.82709,2.67579
6/1/1996,2.82152,2.66915
7/1/1996,2.88336,2.66419
8/1/1996,2.8123,2.5958
9/1/1996,3.00457,2.65105
10/1/1996,3.06189,2.51998
11/1/1996,3.25309,2.57669
12/1/1996,3.37882,2.63642
1/1/1997,3.03814,2.50458
2/1/1997,3.03226,2.5
3/1/1997,2.76527,2.43309
4/1/1997,2.43434,2.61239
5/1/1997,2.23785,2.54545
6/1/1997,2.23357,2.41838
7/1/1997,2.16561,2.414
8/1/1997,2.29008,2.28916
9/1/1997,2.2194,2.22222
10/1/1997,2.08597,2.27818
11/1/1997,1.89036,2.15311
12/1/1997,1.69705,2.27001
1/1/1998,1.63112,2.2646
2/1/1998,1.4402,2.26056
3/1/1998,1.37672,2.25653
4/1/1998,1.4384,2.13144
5/1/1998,1.68856,2.18676
6/1/1998,1.62297,2.24321
7/1/1998,1.74564,2.23925
8/1/1998,1.61692,2.4735
9/1/1998,1.4268,2.35018
10/1/1998,1.48607,2.22743
11/1/1998,1.48423,2.34192
12/1/1998,1.60692,2.45327
1/1/1999,1.66667,2.331
2/1/1999,1.66667,2.15241
3/1/1999,1.7284,2.03252
4/1/1999,2.28113,2.2029
5/1/1999,2.09102,2.08213
6/1/1999,1.9656,1.96305
7/1/1999,2.14461,2.07493
8/1/1999,2.26438,1.89655
9/1/1999,2.62997,2.06659
10/1/1999,2.56254,2.12156
11/1/1999,2.62035,2.0595
12/1/1999,2.6764,1.88141
1/1/2000,2.79296,2.10706
2/1/2000,3.21797,2.16401
3/1/2000,3.76214,2.44735
4/1/2000,3.01386,2.26886
5/1/2000,3.13253,2.3796
6/1/2000,3.73494,2.54813
7/1/2000,3.59928,2.48447
8/1/2000,3.35129,2.59447
9/1/2000,3.4565,2.53093
10/1/2000,3.45033,2.52667
11/1/2000,3.44418,2.63453
12/1/2000,3.43602,2.57415
1/1/2001,3.7212,2.56553
2/1/2001,3.52941,2.78707
3/1/2001,2.98246,2.61111
4/1/2001,3.21826,2.66223
5/1/2001,3.56308,2.54566
6/1/2001,3.19396,2.70569
7/1/2001,2.72148,2.69972
8/1/2001,2.72148,2.63881
9/1/2001,2.59217,2.63302
10/1/2001,2.12766,2.6287
11/1/2001,1.89437,2.73075
12/1/2001,1.60367,2.78232
1/1/2002,1.1959,2.61011
2/1/2002,1.13636,2.54881
3/1/2002,1.36286,2.43638
4/1/2002,1.64399,2.48514
5/1/2002,1.24083,2.53643
6/1/2002,1.06922,2.25806
7/1/2002,1.46561,2.19957
8/1/2002,1.74746,2.35672
9/1/2002,1.516,2.24479
10/1/2002,2.02703,2.18783
11/1/2002,2.25352,2.0202
12/1/2002,2.48027,1.96391
1/1/2003,2.75746,1.96078
2/1/2003,3.14607,1.79799
3/1/2003,3.02521,1.74419
4/1/2003,2.17513,1.47601
5/1/2003,1.89415,1.52632
6/1/2003,1.94878,1.47213
7/1/2003,2.05556,1.52231
8/1/2003,2.21607,1.30822
9/1/2003,2.37832,1.25457
10/1/2003,2.04194,1.30548
11/1/2003,1.92837,1.09432
12/1/2003,2.0352,1.09318
1/1/2004,2.02629,1.14345
2/1/2004,1.68845,1.24675
3/1/2004,1.74008,1.55844
4/1/2004,2.29258,1.76623
5/1/2004,2.89776,1.71073
6/1/2004,3.16767,1.86528
7/1/2004,2.93958,1.75801
8/1/2004,2.54743,1.70455
9/1/2004,2.53917,1.9618
10/1/2004,3.19091,2.01031
11/1/2004,3.62162,2.21649
12/1/2004,3.34232,2.26571
1/1/2005,2.84487,2.26105
2/1/2005,3.05303,2.30888
3/1/2005,3.20684,2.35294
4/1/2005,3.36179,2.195
5/1/2005,2.86929,2.19164
6/1/2005,2.54103,2.03459
7/1/2005,3.06716,2.08333
8/1/2005,3.64693,2.13306
9/1/2005,4.74183,1.92405
10/1/2005,4.3501,2.07175
11/1/2005,3.33855,2.118
12/1/2005,3.33855,2.1148
1/1/2006,4.01879,2.11055
2/1/2006,3.63825,2.10632
3/1/2006,3.41792,2.09895
4/1/2006,3.61384,2.2977
5/1/2006,3.97727,2.44389
6/1/2006,4.18172,2.64207
7/1/2006,4.10467,2.6879
8/1/2006,3.92657,2.83441
9/1/2006,2.01207,2.93095
10/1/2006,1.40633,2.77228
11/1/2006,1.9687,2.61728
12/1/2006,2.52398,2.61341
1/1/2007,2.07577,2.65748
2/1/2007,2.42026,2.71857
3/1/2007,2.7982,2.50514
4/1/2007,2.59292,2.41553
5/1/2007,2.70989,2.26777
6/1/2007,2.69277,2.18164
7/1/2007,2.31789,2.1682
8/1/2007,1.89745,2.08849
9/1/2007,2.83383,2.10135
10/1/2007,3.6107,2.15655
11/1/2007,4.37327,2.33879
12/1/2007,4.10881,2.43537
1/1/2008,4.2947,2.47891
2/1/2008,4.14296,2.29708
3/1/2008,3.9749,2.38852
4/1/2008,3.90376,2.29467
5/1/2008,4.08841,2.32222
6/1/2008,4.93597,2.39173
7/1/2008,5.49751,2.46331
8/1/2008,5.30802,2.49812
9/1/2008,4.95332,2.43862
10/1/2008,3.73106,2.22136
11/1/2008,1.09992,2.01589
12/1/2008,-0.02223,1.76246
1/1/2009,-0.11359,1.67235
2/1/2009,0.00846,1.80098
3/1/2009,-0.44648,1.78761
4/1/2009,-0.57632,1.93233
5/1/2009,-1.01576,1.84613
6/1/2009,-1.22917,1.71197
7/1/2009,-1.95876,1.5271
8/1/2009,-1.48384,1.43397
9/1/2009,-1.37794,1.47984
10/1/2009,-0.22397,1.71273
11/1/2009,1.91459,1.71424
12/1/2009,2.81412,1.82367
1/1/2010,2.62111,1.51234
2/1/2010,2.15134,1.34945
3/1/2010,2.28617,1.15921
4/1/2010,2.20677,0.96751
5/1/2010,2.00355,0.94014
6/1/2010,1.12156,0.9502
7/1/2010,1.34078,0.95775
8/1/2010,1.15018,0.9171
9/1/2010,1.11831,0.81439
10/1/2010,1.1667,0.60272
11/1/2010,1.08454,0.67206
12/1/2010,1.43779,0.66189
1/1/2011,1.70078,0.98353
2/1/2011,2.1249,1.12445
3/1/2011,2.61924,1.20979
4/1/2011,3.07723,1.31554
5/1/2011,3.45897,1.4541
6/1/2011,3.50232,1.58368
7/1/2011,3.57988,1.74148
8/1/2011,3.755,1.96516
9/1/2011,3.81262,1.98772
10/1/2011,3.52227,2.10792
11/1/2011,3.45143,2.1382
12/1/2011,3.06207,2.27666
1/1/2012,3.00877,2.27735
2/1/2012,2.89818,2.15982
3/1/2012,2.58288,2.24834
4/1/2012,2.27316,2.31443
5/1/2012,1.73794,2.25226
6/1/2012,1.65387,2.19229
7/1/2012,1.41751,2.10996
8/1/2012,1.68593,1.93525
9/1/2012,1.94972,2.00824
10/1/2012,2.15568,1.99465
11/1/2012,1.79602,1.95285
12/1/2012,1.7595,1.89969
1/1/2013,1.68406,1.9098
2/1/2013,2.01814,1.98874
3/1/2013,1.51875,1.88902
4/1/2013,1.13881,1.71556
5/1/2013,1.39039,1.64555
6/1/2013,1.71579,1.6231
7/1/2013,1.88547,1.70022
8/1/2013,1.53881,1.78211
9/1/2013,1.09473,1.75194
10/1/2013,0.8768,1.68684
11/1/2013,1.23287,1.74167
12/1/2013,1.51284,1.74086
1/1/2014,1.55776,1.60703
2/1/2014,1.12047,1.55481
3/1/2014,1.61269,1.64566
4/1/2014,2.01513,1.82106
5/1/2014,2.16695,1.94553
6/1/2014,2.05898,1.92286
7/1/2014,1.97424,1.84496
8/1/2014,1.7151,1.7364
9/1/2014,1.68405,1.74095
10/1/2014,1.60954,1.81763
11/1/2014,1.23152,1.74159
12/1/2014,0.65312,1.62242
1/1/2015,-0.22993,1.63163
2/1/2015,-0.08703,1.68808
3/1/2015,-0.02203,1.74538
4/1/2015,-0.10403,1.80283
5/1/2015,0.03503,1.75094
6/1/2015,0.17957,1.77727
7/1/2015,0.22569,1.83463
8/1/2015,0.2413,1.85063
9/1/2015,0.00884,1.8971
10/1/2015,0.12762,1.91353
11/1/2015,0.43632,1.99743
12/1/2015,0.63872,2.07151
1/1/2016,1.2375,2.14502
2/1/2016,0.84728,2.22257
3/1/2016,0.89162,2.14243
4/1/2016,1.17263,2.15665
5/1/2016,1.07848,2.25456
6/1/2016,1.07929,2.26221
7/1/2016,0.86836,2.17014
8/1/2016,1.05532,2.30873
9/1/2016,1.54864,2.27112
10/1/2016,1.68592,2.20456
11/1/2016,1.68433,2.14542
12/1/2016,2.0508,2.19712
1/1/2017,2.51039,2.25021
2/1/2017,2.81036,2.23535
3/1/2017,2.4412,2.04585
4/1/2017,2.17622,1.89657
5/1/2017,1.85634,1.73709
6/1/2017,1.64057,1.69912
7/1/2017,1.72511,1.67696
8/1/2017,1.92812,1.65524
9/1/2017,2.18057,1.59539
10/1/2017,2.02076,1.75964
11/1/2017,2.17249,1.73761
12/1/2017,2.12993,1.77017
1/1/2018,2.15132,1.89127
2/1/2018,2.26347,1.8777
3/1/2018,2.33095,2.12278
4/1/2018,2.471,2.15064
5/1/2018,2.78192,2.273
6/1/2018,2.80755,2.24552
7/1/2018,2.85412,2.2676
8/1/2018,2.64292,2.12089
9/1/2018,2.33206,2.19768
10/1/2018,2.49203,2.12641
11/1/2018,2.14733,2.21538
12/1/2018,2.00238,2.24853
1/1/2019,1.55068,2.14809
2/1/2019,1.52006,2.09455
3/1/2019,1.85314,2.05486
4/1/2019,1.99179,2.08315
5/1/2019,1.79352,2.00626
6/1/2019,1.64968,2.12122
7/1/2019,1.77976,2.17851
8/1/2019,1.74678,2.35914
9/1/2019,1.71662,2.34433
10/1/2019,1.76918,2.32623
11/1/2019,2.0622,2.33003
12/1/2019,2.31399,2.25368
1/1/2020,2.50042,2.2786
2/1/2020,2.33932,2.381
3/1/2020,1.54287,2.12322
4/1/2020,0.3452,1.44861
5/1/2020,0.22641,1.24665
6/1/2020,0.71602,1.17668
7/1/2020,1.01414,1.53392
8/1/2020,1.30907,1.70243
9/1/2020,1.37148,1.70672
10/1/2020,1.18253,1.6215
11/1/2020,1.16756,1.66375
12/1/2020,1.32204,1.63317
1/1/2021,1.39478,1.40909
2/1/2021,1.69336,1.28852
3/1/2021,2.63052,1.66086
4/1/2021,4.13055,2.95141
5/1/2021,4.91503,3.79555
6/1/2021,5.28161,4.40831
7/1/2021,5.22151,4.17801
8/1/2021,5.18829,3.94384
9/1/2021,5.38363,4.02212
10/1/2021,6.23775,4.5878
11/1/2021,6.86239,4.97923
12/1/2021,7.19446,5.52269
1/1/2022,7.59528,6.0688
2/1/2022,7.95485,6.43453
3/1/2022,8.51522,6.45242
4/1/2022,8.22777,6.13819
5/1/2022,8.50233,6.02095
6/1/2022,8.93299,5.88492
7/1/2022,8.41318,5.8893
8/1/2022,8.22736,6.3005
9/1/2022,8.21485,6.64296
10/1/2022,7.76249,6.30176
11/1/2022,7.13535,5.97198
12/1/2022,6.44494,5.70386
1/1/2023,6.34716,5.54757
2/1/2023,5.98644,5.526
3/1/2023,4.98692,5.60257
4/1/2023,4.95719,5.53666
5/1/2023,4.12884,5.32864
6/1/2023,3.092,4.86094
7/1/2023,3.29908,4.70492
8/1/2023,3.7075,4.38985
